t(s),Flux through surface 1,Flux through surface 2,Flux through surface 3
0,-0.477183572829415,0.021036337997705004,0.4230029200789326
