t(s),Flux through surface 254,Flux through surface 475,Flux through surface 268,Flux through surface 470,Flux through surface 255,Flux through surface 269,Flux through surface 471,Flux through surface 477,Flux through surface 479,Flux through surface 472,Flux through surface 473,Flux through surface 481,Flux through surface 494,Flux through surface 483,Flux through surface 499,Flux through surface 504,Flux through surface 506,Flux through surface 500,Flux through surface 501,Flux through surface 508,Flux through surface 502,Flux through surface 510,Flux through surface 552,Flux through surface 512,Maximum volume 1,Maximum volume 32,Maximum volume 31,Maximum volume 2,Maximum volume 3,Maximum volume 4,Maximum volume 5,Maximum volume 6,Maximum volume 7,Maximum volume 8,Maximum volume 9,Maximum volume 10,Maximum volume 11,Maximum volume 12,Maximum volume 13,Maximum volume 14,Maximum volume 15,Maximum volume 16,Maximum volume 17,Maximum volume 18,Maximum volume 19,Maximum volume 20,Maximum volume 21,Maximum volume 22,Maximum volume 23,Maximum volume 24,Maximum volume 25,Maximum volume 26,Maximum volume 27,Maximum volume 28,Maximum volume 29,Maximum volume 30
0,1140.2791616690424,41.470448247218606,73.66331777414916,35.1831756563255,87.19185284571566,1186.6808108819735,540.3131408667956,529.9700771304815,10729.121973172128,10841.753511969682,520.7989640966545,527.9322855264691,35.67522091600793,43.66246111898772,1009.7651112785348,1014.0497449854338,113.12750179611265,112.34463037929544,3513.4893898598452,3525.0787194193176,114.65184103015876,115.23883604544416,1051.8562683793882,1032.0361239353022,774.0762343992807,861.4236142572946,862.9111838511249,817.5725212378782,647.3997006218036,815.5059080513548,818.2304368304746,823.8657182048211,823.8289014014716,728.944847406946,781.4672039352859,793.4214940985139,810.135928452708,817.8124091685244,816.8878328297441,812.795245605109,807.4407878078604,799.2570517996953,789.9725058735282,781.1117844988618,772.7480162774284,764.4308095330229,756.0190515660935,749.5505713703802,743.1089684399916,742.0681128729675,823.7536447794457,734.2008089179592,729.3833527658683,735.7066661119167,766.7328630991976,671.8832268015148
